Платье;8383227;Состав: вискоза 70%, полиестер 27%, эластан 3%;377;8383227;платье;8383227(1).jpg,8383227(2).jpg,8383227(3).jpg,8383227(4).jpg,8383227(5).jpg
Платье;8383228;Состав: вискоза 70%, полиестер 27%, эластан 3%;377;8383228;платье;8383228(1).jpg,8383228(2).jpg,8383228(3).jpg
Платье;8383229;Состав: вискоза 70%, полиестер 27%, эластан 3%;377;8383229;платье;8383229(1).jpg,8383229(2).jpg,8383229(3).jpg,8383229(4).jpg
Платье;8383230;Состав: вискоза 70%, полиестер 27%, эластан 3%;430;8383230;платье;8383230(1).jpg,8383230(2).jpg,8383230(3).jpg
Платье;8383231;Состав: вискоза 70%, полиестер 27%, эластан 3%;430;8383231;платье;8383231(1).jpg,8383231(2).jpg,8383231(3).jpg,8383231(4).jpg
Платье с бантиком;8383232;Состав: вискоза 70%, полиестер 27%, эластан 3%;430;8383232;платье;8383232(1).jpg,8383232(2).jpg,8383232(3).jpg
Жакет;8383233;Состав: вискоза 70%, полиестер 27%, эластан 3%;377;8383233;жакет;8383233(1).jpg,8383233(2).jpg
Брюки;8383234;Состав: вискоза 70%, полиестер 27%, эластан 3%;377;8383234;брюки;8383234(1).jpg,8383234(2).jpg,8383234(3).jpg
Туника - пончо;8383235;Состав: вискоза 97%, эластан 3%;430;8383235;туника;8383235(1).jpg,8383235(2).jpg
Туника - пончо;8383236;Состав: вискоза 97%, эластан 3%;430;8383236;туника;8383236(1).jpg,8383236(2).jpg,8383236(3).jpg
Платье с бантиком;8383237;Состав: вискоза 70%, полиестер 27%, эластан 3%;430;8383237;платье;8383237(1).jpg,8383237(2).jpg,8383237(3).jpg
Платье;8383238;Состав: вискоза 70%, полиестер 27%, эластан 3%;430;8383238;платье;8383238(1).jpg,8383238(2).jpg,8383238(3).jpg,8383238(4).jpg
Платье;8383239;Состав: вискоза 70%, полиестер 27%, эластан 3%;430;8383239;платье;8383239(1).jpg,8383239(2).jpg,8383239(3).jpg
Платье;8383240;Состав: вискоза 70%, полиестер 27%, эластан 3%;430;8383240;платье;8383240(1).jpg,8383240(2).jpg,8383240(3).jpg,8383240(4).jpg
Брюки;8383241;Состав: вискоза 70%, полиестер 27%, эластан 3%;377;8383241;брюки;8383241(1).jpg,8383241(2).jpg,8383241(3).jpg
